"parameter","value"
"p_sae_vacc_u65","0.0187% (95% UI: 0.0076% - 0.0375%)"
"p_sae_vacc_65","0.1039% (95% UI: 0.0641% - 0.1575%)"
"p_death_vacc_u65","0.0000% (95% UI: 0.0000% - 0.0000%)"
"p_death_vacc_65","0.0064% (95% UI: 0.0006% - 0.0253%)"
"p_sae_nat_11","5.5% (95% UI: 5.3% - 5.6%)"
"p_sae_nat_17","2.6% (95% UI: 2.4% - 2.7%)"
"p_sae_nat_64","1.6% (95% UI: 1.6% - 1.7%)"
"p_sae_nat_65","3.2% (95% UI: 3.1% - 3.3%)"
"p_death_nat_11","0.0483% (95% UI: 0.0336% - 0.0667%)"
"p_death_nat_17","0.0369% (95% UI: 0.0238% - 0.0543%)"
"p_death_nat_64","0.0449% (95% UI: 0.0401% - 0.0501%)"
"p_death_nat_65","0.4701% (95% UI: 0.4314% - 0.5110%)"
"ve","98.8% (95% UI: 97.3% - 99.7%)"
"ar_small","10.0% (95% UI: 9.1% - 11.0%)"
"ar_med","20.0% (95% UI: 18.1% - 21.9%)"
"ar_large","30.0% (95% UI: 27.1% - 32.9%)"
"epi_months","9.00 (95% UI: 8.14 - 9.86)"
"trav_7d","7.00 (95% UI: 6.33 - 7.66)"
"trav_14d","14.00 (95% UI: 12.67 - 15.33)"
"trav_30d","30.00 (95% UI: 27.15 - 32.85)"
"trav_90d","90.00 (95% UI: 81.45 - 98.55)"
"symp_asia","0.59 (95% UI: 0.48 - 0.69)"
"symp_africa","0.52 (95% UI: 0.40 - 0.64)"
"symp_america","0.53 (95% UI: 0.41 - 0.64)"
"symp_overall","0.52 (95% UI: 0.41 - 0.64)"
"fatal_hosp","0.04 (95% UI: 0.03 - 0.04)"
"hosp","0.04 (95% UI: 0.03 - 0.05)"
"lt","0.51 (95% UI: 0.44 - 0.57)"
"le_lost_1_11","70.90 (95% UI: 64.13 - 78.38)"
"le_lost_12_17","61.50 (95% UI: 55.63 - 67.99)"
"le_lost_18_64","36.00 (95% UI: 32.56 - 39.80)"
"le_lost_65","6.10 (95% UI: 5.52 - 6.74)"
"dw_chronic","0.31 (95% UI: 0.11 - 0.57)"
"dur_chronic","0.53 (95% UI: 0.45 - 0.63)"
"dw_hosp","0.13 (95% UI: 0.09 - 0.19)"
"dur_acute","0.02 (95% UI: 0.01 - 0.05)"
"dw_nonhosp","0.05 (95% UI: 0.03 - 0.07)"
"dur_nonhosp","0.02 (95% UI: 0.01 - 0.05)"
"acute","0.42 (95% UI: 0.39 - 0.45)"
"subac","0.29 (95% UI: 0.29 - 0.30)"
"chr6m","0.19 (95% UI: 0.18 - 0.21)"
"chr12m","0.08 (95% UI: 0.07 - 0.10)"
"chr30m","0.01 (95% UI: 0.00 - 0.01)"
"dw_chronic_mild","0.12 (95% UI: 0.08 - 0.17)"
"dw_chronic_severe","0.58 (95% UI: 0.43 - 0.79)"
"dur_subac","0.10 (95% UI: 0.04 - 0.26)"
"dw_subac","0.31 (95% UI: 0.11 - 0.57)"
"dur_6m","0.50 (95% UI: 0.45 - 0.55)"
"dur_12m","1.00 (95% UI: 0.90 - 1.11)"
"dur_30m","2.00 (95% UI: 1.70 - 2.36)"
"fatal_nonhosp","0.00 (95% UI: 0.00 - 0.00)"
"ar_ce","8.5% (95% UI: 1.3% - 42.2%)"
"ar_bh","0.7% (95% UI: 0.2% - 2.5%)"
"ar_pa","6.6% (95% UI: 1.1% - 29.6%)"
"ar_pn","2.4% (95% UI: 0.5% - 10.7%)"
"ar_rg","2.6% (95% UI: 0.4% - 11.9%)"
"ar_pi","13.5% (95% UI: 1.5% - 53.2%)"
"ar_tc","4.7% (95% UI: 0.8% - 16.8%)"
"ar_ag","13.9% (95% UI: 1.6% - 54.2%)"
"ar_mg","1.0% (95% UI: 0.1% - 28.9%)"
"ar_se","3.4% (95% UI: 0.8% - 13.7%)"
"ar_go","0.7% (95% UI: 0.2% - 2.0%)"
